{
  "images" : [
    {
      "idiom" : "iphone",
      "size" : "29x29",
      "scale" : "2x"
    },
    {
      "idiom" : "iphone",
      "size" : "29x29",
      "scale" : "3x"
    },
    {
      "idiom" : "iphone",
      "size" : "40x40",
      "scale" : "2x"
    },
    {
      "idiom" : "iphone",
      "size" : "40x40",
      "scale" : "3x"
    },
    {
      "size" : "57x57",
      "idiom" : "iphone",
      "filename" : "icon.png",
      "scale" : "1x"
    },
    {
      "size" : "57x57",
      "idiom" : "iphone",
      "filename" : "icon@2x.png",
      "scale" : "2x"
    },
    {
      "size" : "60x60",
      "idiom" : "iphone",
      "filename" : "icon_os7@2x.png",
      "scale" : "2x"
    },
    {
      "size" : "60x60",
      "idiom" : "iphone",
      "filename" : "icon@3x.png",
      "scale" : "3x"
    },
    {
      "size" : "72x72",
      "idiom" : "ipad",
      "filename" : "icon_72.png",
      "scale" : "1x"
    },
    {
      "size" : "76x76",
      "idiom" : "ipad",
      "filename" : "icon_76.png",
      "scale" : "1x"
    },
    {
      "size" : "76x76",
      "idiom" : "ipad",
      "filename" : "icon_152@2x.png",
      "scale" : "2x"
    },
    {
      "idiom" : "car",
      "size" : "60x60",
      "scale" : "2x"
    }
  ],
  "info" : {
    "version" : 1,
    "author" : "xcode"
  }
}